,subj,condition,yvalue,decision-maker-ID,colour
0,Debenedetti2022Light_XCiT_S12,c100,0.21193947269163127,Debenedetti2022Light_XCiT_S12,
1,Debenedetti2022Light_XCiT_M12,c100,0.2505511787084412,Debenedetti2022Light_XCiT_M12,
2,Debenedetti2022Light_XCiT_L12,c100,0.01064923268948671,Debenedetti2022Light_XCiT_L12,
3,xcit_small_12_p16_224,c100,0.14689469512175907,xcit_small_12_p16_224,
4,resnet18_l2_eps0,c100,0.10245850447449417,resnet18_l2_eps0,
5,resnet18_l2_eps0_01,c100,0.2703836743717737,resnet18_l2_eps0_01,
6,resnet18_l2_eps0_03,c100,0.13145913363337325,resnet18_l2_eps0_03,
7,resnet18_l2_eps0_05,c100,0.20633130512286985,resnet18_l2_eps0_05,
8,resnet18_l2_eps0_1,c100,0.21823927164183438,resnet18_l2_eps0_1,
9,resnet18_l2_eps0_25,c100,0.2578506410504901,resnet18_l2_eps0_25,
10,resnet18_l2_eps0_5,c100,0.21746150570005385,resnet18_l2_eps0_5,
11,resnet18_l2_eps1,c100,0.22084053511266322,resnet18_l2_eps1,
12,resnet18_l2_eps3,c100,0.3273137855192444,resnet18_l2_eps3,
13,resnet18_l2_eps5,c100,0.3456936274521548,resnet18_l2_eps5,
14,resnet50_l2_eps0,c100,0.07464993979446102,resnet50_l2_eps0,
15,resnet50_l2_eps0_01,c100,0.15063514712585385,resnet50_l2_eps0_01,
16,resnet50_l2_eps0_03,c100,0.21260035923304937,resnet50_l2_eps0_03,
17,resnet50_l2_eps0_05,c100,0.11611295439180398,resnet50_l2_eps0_05,
18,resnet50_l2_eps0_1,c100,0.14689469512175907,resnet50_l2_eps0_1,
19,resnet50_l2_eps0_25,c100,0.0914633640451522,resnet50_l2_eps0_25,
20,resnet50_l2_eps0_5,c100,0.10155960779192255,resnet50_l2_eps0_5,
21,resnet50_l2_eps1,c100,0.21417115025307815,resnet50_l2_eps1,
22,resnet50_l2_eps3,c100,0.27112006575821834,resnet50_l2_eps3,
23,resnet50_l2_eps5,c100,0.34411532067782047,resnet50_l2_eps5,
24,wide_resnet50_2_l2_eps0,c100,0.14689469512175907,wide_resnet50_2_l2_eps0,
25,wide_resnet50_2_l2_eps0_01,c100,0.14585847005424785,wide_resnet50_2_l2_eps0_01,
26,wide_resnet50_2_l2_eps0_03,c100,0.17729015943209764,wide_resnet50_2_l2_eps0_03,
27,wide_resnet50_2_l2_eps0_05,c100,0.14689469512175907,wide_resnet50_2_l2_eps0_05,
28,wide_resnet50_2_l2_eps0_1,c100,0.14811295439180389,wide_resnet50_2_l2_eps0_1,
29,wide_resnet50_2_l2_eps0_25,c100,0.11421495655966754,wide_resnet50_2_l2_eps0_25,
30,wide_resnet50_2_l2_eps0_5,c100,0.12517594678640906,wide_resnet50_2_l2_eps0_5,
31,wide_resnet50_2_l2_eps1,c100,0.14697440646204646,wide_resnet50_2_l2_eps1,
32,wide_resnet50_2_l2_eps3,c100,0.2553383225339715,wide_resnet50_2_l2_eps3,
33,wide_resnet50_2_l2_eps5,c100,0.3726582479001604,wide_resnet50_2_l2_eps5,
34,resnet18_linf_eps0_5,c100,0.16535847752545058,resnet18_linf_eps0_5,
35,resnet18_linf_eps1,c100,0.18600782211324762,resnet18_linf_eps1,
36,resnet18_linf_eps2,c100,0.21013532689856468,resnet18_linf_eps2,
37,resnet18_linf_eps4,c100,0.3157497947136704,resnet18_linf_eps4,
38,resnet18_linf_eps8,c100,0.4099688337325727,resnet18_linf_eps8,
39,resnet50_linf_eps0_5,c100,0.17708816411109832,resnet50_linf_eps0_5,
40,resnet50_linf_eps1,c100,0.2554231652667892,resnet50_linf_eps1,
41,resnet50_linf_eps2,c100,0.23892073316786497,resnet50_linf_eps2,
42,resnet50_linf_eps4,c100,0.2404043749962842,resnet50_linf_eps4,
43,resnet50_linf_eps8,c100,0.35997722520968045,resnet50_linf_eps8,
44,wide_resnet50_2_linf_eps0_5,c100,0.14585847005424785,wide_resnet50_2_linf_eps0_5,
45,wide_resnet50_2_linf_eps1,c100,0.15704687035932313,wide_resnet50_2_linf_eps1,
46,wide_resnet50_2_linf_eps2,c100,0.2766301748965475,wide_resnet50_2_linf_eps2,
47,wide_resnet50_2_linf_eps4,c100,0.25361218590217194,wide_resnet50_2_linf_eps4,
48,wide_resnet50_2_linf_eps8,c100,0.42767524741206503,wide_resnet50_2_linf_eps8,
49,humans,c100,0.4361298594405424,subject-01_subject-02_subject-03_subject-04,
50,Debenedetti2022Light_XCiT_S12,c50,0.12722951410134598,Debenedetti2022Light_XCiT_S12,
51,Debenedetti2022Light_XCiT_M12,c50,0.10557068720612425,Debenedetti2022Light_XCiT_M12,
52,Debenedetti2022Light_XCiT_L12,c50,0.0646298215965164,Debenedetti2022Light_XCiT_L12,
53,xcit_small_12_p16_224,c50,0.0,xcit_small_12_p16_224,
54,resnet18_l2_eps0,c50,0.1812821730507979,resnet18_l2_eps0,
55,resnet18_l2_eps0_01,c50,0.2323687504721436,resnet18_l2_eps0_01,
56,resnet18_l2_eps0_03,c50,0.23491450209631176,resnet18_l2_eps0_03,
57,resnet18_l2_eps0_05,c50,0.22139334851518183,resnet18_l2_eps0_05,
58,resnet18_l2_eps0_1,c50,0.20834094915297363,resnet18_l2_eps0_1,
59,resnet18_l2_eps0_25,c50,0.25459402211695614,resnet18_l2_eps0_25,
60,resnet18_l2_eps0_5,c50,0.20624320006012606,resnet18_l2_eps0_5,
61,resnet18_l2_eps1,c50,0.23475731540082373,resnet18_l2_eps1,
62,resnet18_l2_eps3,c50,0.2507020496503645,resnet18_l2_eps3,
63,resnet18_l2_eps5,c50,0.2552109848892238,resnet18_l2_eps5,
64,resnet50_l2_eps0,c50,0.1719794377819397,resnet50_l2_eps0,
65,resnet50_l2_eps0_01,c50,0.18182305160021076,resnet50_l2_eps0_01,
66,resnet50_l2_eps0_03,c50,0.1193319076747539,resnet50_l2_eps0_03,
67,resnet50_l2_eps0_05,c50,0.18629879477936007,resnet50_l2_eps0_05,
68,resnet50_l2_eps0_1,c50,0.04833022636448883,resnet50_l2_eps0_1,
69,resnet50_l2_eps0_25,c50,0.14286801500217208,resnet50_l2_eps0_25,
70,resnet50_l2_eps0_5,c50,0.06130307853468027,resnet50_l2_eps0_5,
71,resnet50_l2_eps1,c50,0.23790305433723802,resnet50_l2_eps1,
72,resnet50_l2_eps3,c50,0.31326101790186656,resnet50_l2_eps3,
73,resnet50_l2_eps5,c50,0.2686263301473555,resnet50_l2_eps5,
74,wide_resnet50_2_l2_eps0,c50,0.10557068720612425,wide_resnet50_2_l2_eps0,
75,wide_resnet50_2_l2_eps0_01,c50,0.11117567189130037,wide_resnet50_2_l2_eps0_01,
76,wide_resnet50_2_l2_eps0_03,c50,0.11280990343083414,wide_resnet50_2_l2_eps0_03,
77,wide_resnet50_2_l2_eps0_05,c50,0.11452936817255818,wide_resnet50_2_l2_eps0_05,
78,wide_resnet50_2_l2_eps0_1,c50,0.12722951410134598,wide_resnet50_2_l2_eps0_1,
79,wide_resnet50_2_l2_eps0_25,c50,0.12722951410134598,wide_resnet50_2_l2_eps0_25,
80,wide_resnet50_2_l2_eps0_5,c50,0.24923148758934122,wide_resnet50_2_l2_eps0_5,
81,wide_resnet50_2_l2_eps1,c50,0.3030655468678324,wide_resnet50_2_l2_eps1,
82,wide_resnet50_2_l2_eps3,c50,0.2707164167193901,wide_resnet50_2_l2_eps3,
83,wide_resnet50_2_l2_eps5,c50,0.26110234605016536,wide_resnet50_2_l2_eps5,
84,resnet18_linf_eps0_5,c50,0.22622197570385918,resnet18_linf_eps0_5,
85,resnet18_linf_eps1,c50,0.26691807197387374,resnet18_linf_eps1,
86,resnet18_linf_eps2,c50,0.21651636174928948,resnet18_linf_eps2,
87,resnet18_linf_eps4,c50,0.25011467718936287,resnet18_linf_eps4,
88,resnet18_linf_eps8,c50,0.26142529211121174,resnet18_linf_eps8,
89,resnet50_linf_eps0_5,c50,0.1446295738006214,resnet50_linf_eps0_5,
90,resnet50_linf_eps1,c50,0.1775484396112046,resnet50_linf_eps1,
91,resnet50_linf_eps2,c50,0.18572182652163013,resnet50_linf_eps2,
92,resnet50_linf_eps4,c50,0.23501680012625698,resnet50_linf_eps4,
93,resnet50_linf_eps8,c50,0.23342975931977605,resnet50_linf_eps8,
94,wide_resnet50_2_linf_eps0_5,c50,0.09919695470974556,wide_resnet50_2_linf_eps0_5,
95,wide_resnet50_2_linf_eps1,c50,0.14089926434314404,wide_resnet50_2_linf_eps1,
96,wide_resnet50_2_linf_eps2,c50,0.12007437256785843,wide_resnet50_2_linf_eps2,
97,wide_resnet50_2_linf_eps4,c50,0.1872436474589836,wide_resnet50_2_linf_eps4,
98,wide_resnet50_2_linf_eps8,c50,0.24297970698551344,wide_resnet50_2_linf_eps8,
99,humans,c50,0.42337273086072896,subject-01_subject-02_subject-03_subject-04,
100,Debenedetti2022Light_XCiT_S12,c30,0.2947512701680163,Debenedetti2022Light_XCiT_S12,
101,Debenedetti2022Light_XCiT_M12,c30,0.32162642303675854,Debenedetti2022Light_XCiT_M12,
102,Debenedetti2022Light_XCiT_L12,c30,0.2944240267724061,Debenedetti2022Light_XCiT_L12,
103,xcit_small_12_p16_224,c30,0.07594772214046634,xcit_small_12_p16_224,
104,resnet18_l2_eps0,c30,0.3322971283610702,resnet18_l2_eps0,
105,resnet18_l2_eps0_01,c30,0.37811720085867384,resnet18_l2_eps0_01,
106,resnet18_l2_eps0_03,c30,0.3109635408328416,resnet18_l2_eps0_03,
107,resnet18_l2_eps0_05,c30,0.3039064542132497,resnet18_l2_eps0_05,
108,resnet18_l2_eps0_1,c30,0.33156438304532676,resnet18_l2_eps0_1,
109,resnet18_l2_eps0_25,c30,0.39198105810078293,resnet18_l2_eps0_25,
110,resnet18_l2_eps0_5,c30,0.33398435093804874,resnet18_l2_eps0_5,
111,resnet18_l2_eps1,c30,0.29937720879959157,resnet18_l2_eps1,
112,resnet18_l2_eps3,c30,0.16484649240831822,resnet18_l2_eps3,
113,resnet18_l2_eps5,c30,0.06613966908636032,resnet18_l2_eps5,
114,resnet50_l2_eps0,c30,0.22958256894377216,resnet50_l2_eps0,
115,resnet50_l2_eps0_01,c30,0.24427972573506312,resnet50_l2_eps0_01,
116,resnet50_l2_eps0_03,c30,0.35159113904107764,resnet50_l2_eps0_03,
117,resnet50_l2_eps0_05,c30,0.29336824047695914,resnet50_l2_eps0_05,
118,resnet50_l2_eps0_1,c30,0.27208102237225884,resnet50_l2_eps0_1,
119,resnet50_l2_eps0_25,c30,0.267150594153596,resnet50_l2_eps0_25,
120,resnet50_l2_eps0_5,c30,0.2911732749166767,resnet50_l2_eps0_5,
121,resnet50_l2_eps1,c30,0.2973685630384289,resnet50_l2_eps1,
122,resnet50_l2_eps3,c30,0.21016183945603253,resnet50_l2_eps3,
123,resnet50_l2_eps5,c30,0.12550526786289132,resnet50_l2_eps5,
124,wide_resnet50_2_l2_eps0,c30,0.2312912932594162,wide_resnet50_2_l2_eps0,
125,wide_resnet50_2_l2_eps0_01,c30,0.2803181169893017,wide_resnet50_2_l2_eps0_01,
126,wide_resnet50_2_l2_eps0_03,c30,0.32351643746725445,wide_resnet50_2_l2_eps0_03,
127,wide_resnet50_2_l2_eps0_05,c30,0.21581222697895835,wide_resnet50_2_l2_eps0_05,
128,wide_resnet50_2_l2_eps0_1,c30,0.19168510733034602,wide_resnet50_2_l2_eps0_1,
129,wide_resnet50_2_l2_eps0_25,c30,0.30515915583674236,wide_resnet50_2_l2_eps0_25,
130,wide_resnet50_2_l2_eps0_5,c30,0.31141189171407563,wide_resnet50_2_l2_eps0_5,
131,wide_resnet50_2_l2_eps1,c30,0.2574391074645245,wide_resnet50_2_l2_eps1,
132,wide_resnet50_2_l2_eps3,c30,0.23445934849987973,wide_resnet50_2_l2_eps3,
133,wide_resnet50_2_l2_eps5,c30,0.14737780376756118,wide_resnet50_2_l2_eps5,
134,resnet18_linf_eps0_5,c30,0.31814570336479087,resnet18_linf_eps0_5,
135,resnet18_linf_eps1,c30,0.283612162116025,resnet18_linf_eps1,
136,resnet18_linf_eps2,c30,0.15929826940181097,resnet18_linf_eps2,
137,resnet18_linf_eps4,c30,0.07832845496107788,resnet18_linf_eps4,
138,resnet18_linf_eps8,c30,-0.0035238398755572707,resnet18_linf_eps8,
139,resnet50_linf_eps0_5,c30,0.2618701022419037,resnet50_linf_eps0_5,
140,resnet50_linf_eps1,c30,0.2822144939474422,resnet50_linf_eps1,
141,resnet50_linf_eps2,c30,0.2612534478296801,resnet50_linf_eps2,
142,resnet50_linf_eps4,c30,0.20010572076193964,resnet50_linf_eps4,
143,resnet50_linf_eps8,c30,0.09895646321264677,resnet50_linf_eps8,
144,wide_resnet50_2_linf_eps0_5,c30,0.2853786817913713,wide_resnet50_2_linf_eps0_5,
145,wide_resnet50_2_linf_eps1,c30,0.3298108235136632,wide_resnet50_2_linf_eps1,
146,wide_resnet50_2_linf_eps2,c30,0.2528456876960782,wide_resnet50_2_linf_eps2,
147,wide_resnet50_2_linf_eps4,c30,0.14698283057687894,wide_resnet50_2_linf_eps4,
148,wide_resnet50_2_linf_eps8,c30,0.1159667793140745,wide_resnet50_2_linf_eps8,
149,humans,c30,0.46207934777688114,subject-01_subject-02_subject-03_subject-04,
150,Debenedetti2022Light_XCiT_S12,c15,0.16545411995868264,Debenedetti2022Light_XCiT_S12,
151,Debenedetti2022Light_XCiT_M12,c15,0.2232978576738253,Debenedetti2022Light_XCiT_M12,
152,Debenedetti2022Light_XCiT_L12,c15,0.1336139793127048,Debenedetti2022Light_XCiT_L12,
153,xcit_small_12_p16_224,c15,0.07791842292568951,xcit_small_12_p16_224,
154,resnet18_l2_eps0,c15,0.2450537788110893,resnet18_l2_eps0,
155,resnet18_l2_eps0_01,c15,0.17040887136627766,resnet18_l2_eps0_01,
156,resnet18_l2_eps0_03,c15,0.22056649677705642,resnet18_l2_eps0_03,
157,resnet18_l2_eps0_05,c15,0.2529786634686318,resnet18_l2_eps0_05,
158,resnet18_l2_eps0_1,c15,0.24050154355241227,resnet18_l2_eps0_1,
159,resnet18_l2_eps0_25,c15,0.2031603564074466,resnet18_l2_eps0_25,
160,resnet18_l2_eps0_5,c15,0.1797259815794271,resnet18_l2_eps0_5,
161,resnet18_l2_eps1,c15,0.08834119622202527,resnet18_l2_eps1,
162,resnet18_l2_eps3,c15,0.03946234829282542,resnet18_l2_eps3,
163,resnet18_l2_eps5,c15,0.03458310945408426,resnet18_l2_eps5,
164,resnet50_l2_eps0,c15,0.2939105623465542,resnet50_l2_eps0,
165,resnet50_l2_eps0_01,c15,0.34997978581137934,resnet50_l2_eps0_01,
166,resnet50_l2_eps0_03,c15,0.3475987211020511,resnet50_l2_eps0_03,
167,resnet50_l2_eps0_05,c15,0.28910500598636235,resnet50_l2_eps0_05,
168,resnet50_l2_eps0_1,c15,0.2632948452568137,resnet50_l2_eps0_1,
169,resnet50_l2_eps0_25,c15,0.21909198464280746,resnet50_l2_eps0_25,
170,resnet50_l2_eps0_5,c15,0.17944792931537398,resnet50_l2_eps0_5,
171,resnet50_l2_eps1,c15,0.10632212310914199,resnet50_l2_eps1,
172,resnet50_l2_eps3,c15,0.06046994762152363,resnet50_l2_eps3,
173,resnet50_l2_eps5,c15,0.03860310073875787,resnet50_l2_eps5,
174,wide_resnet50_2_l2_eps0,c15,0.30441476402722645,wide_resnet50_2_l2_eps0,
175,wide_resnet50_2_l2_eps0_01,c15,0.3283232361205497,wide_resnet50_2_l2_eps0_01,
176,wide_resnet50_2_l2_eps0_03,c15,0.27313241617470124,wide_resnet50_2_l2_eps0_03,
177,wide_resnet50_2_l2_eps0_05,c15,0.2627476217632918,wide_resnet50_2_l2_eps0_05,
178,wide_resnet50_2_l2_eps0_1,c15,0.274990584433127,wide_resnet50_2_l2_eps0_1,
179,wide_resnet50_2_l2_eps0_25,c15,0.24666918267251967,wide_resnet50_2_l2_eps0_25,
180,wide_resnet50_2_l2_eps0_5,c15,0.16700934906098952,wide_resnet50_2_l2_eps0_5,
181,wide_resnet50_2_l2_eps1,c15,0.10246691336803128,wide_resnet50_2_l2_eps1,
182,wide_resnet50_2_l2_eps3,c15,0.08979681647994057,wide_resnet50_2_l2_eps3,
183,wide_resnet50_2_l2_eps5,c15,0.06064808755283489,wide_resnet50_2_l2_eps5,
184,resnet18_linf_eps0_5,c15,0.1055869163038579,resnet18_linf_eps0_5,
185,resnet18_linf_eps1,c15,0.09326155312521396,resnet18_linf_eps1,
186,resnet18_linf_eps2,c15,0.048696987828430696,resnet18_linf_eps2,
187,resnet18_linf_eps4,c15,0.017587103685926257,resnet18_linf_eps4,
188,resnet18_linf_eps8,c15,0.016057596520882768,resnet18_linf_eps8,
189,resnet50_linf_eps0_5,c15,0.19161217152800478,resnet50_linf_eps0_5,
190,resnet50_linf_eps1,c15,0.0958513337826771,resnet50_linf_eps1,
191,resnet50_linf_eps2,c15,0.04589681940530718,resnet50_linf_eps2,
192,resnet50_linf_eps4,c15,0.03272505034779681,resnet50_linf_eps4,
193,resnet50_linf_eps8,c15,0.011178440748835543,resnet50_linf_eps8,
194,wide_resnet50_2_linf_eps0_5,c15,0.26441904313379827,wide_resnet50_2_linf_eps0_5,
195,wide_resnet50_2_linf_eps1,c15,0.14076276814828553,wide_resnet50_2_linf_eps1,
196,wide_resnet50_2_linf_eps2,c15,0.08712588976903668,wide_resnet50_2_linf_eps2,
197,wide_resnet50_2_linf_eps4,c15,0.03462540572757249,wide_resnet50_2_linf_eps4,
198,wide_resnet50_2_linf_eps8,c15,0.023804610444959726,wide_resnet50_2_linf_eps8,
199,humans,c15,0.436105283581933,subject-01_subject-02_subject-03_subject-04,
200,Debenedetti2022Light_XCiT_S12,c10,0.007216896610319927,Debenedetti2022Light_XCiT_S12,
201,Debenedetti2022Light_XCiT_M12,c10,0.07617741893615636,Debenedetti2022Light_XCiT_M12,
202,Debenedetti2022Light_XCiT_L12,c10,0.031301488814281804,Debenedetti2022Light_XCiT_L12,
203,xcit_small_12_p16_224,c10,0.01908432942735547,xcit_small_12_p16_224,
204,resnet18_l2_eps0,c10,0.2851716361648324,resnet18_l2_eps0,
205,resnet18_l2_eps0_01,c10,0.2145241534932367,resnet18_l2_eps0_01,
206,resnet18_l2_eps0_03,c10,0.17234284143731962,resnet18_l2_eps0_03,
207,resnet18_l2_eps0_05,c10,0.11331566549633165,resnet18_l2_eps0_05,
208,resnet18_l2_eps0_1,c10,0.11522420027432456,resnet18_l2_eps0_1,
209,resnet18_l2_eps0_25,c10,0.05922400494459698,resnet18_l2_eps0_25,
210,resnet18_l2_eps0_5,c10,0.05793110652897486,resnet18_l2_eps0_5,
211,resnet18_l2_eps1,c10,0.055360121931704614,resnet18_l2_eps1,
212,resnet18_l2_eps3,c10,0.055504223025092676,resnet18_l2_eps3,
213,resnet18_l2_eps5,c10,0.0533546180348506,resnet18_l2_eps5,
214,resnet50_l2_eps0,c10,0.2945470929724703,resnet50_l2_eps0,
215,resnet50_l2_eps0_01,c10,0.3100507369742076,resnet50_l2_eps0_01,
216,resnet50_l2_eps0_03,c10,0.3242566120139136,resnet50_l2_eps0_03,
217,resnet50_l2_eps0_05,c10,0.14852946983078352,resnet50_l2_eps0_05,
218,resnet50_l2_eps0_1,c10,0.2095420654723963,resnet50_l2_eps0_1,
219,resnet50_l2_eps0_25,c10,0.10082528694811571,resnet50_l2_eps0_25,
220,resnet50_l2_eps0_5,c10,0.07833415023304696,resnet50_l2_eps0_5,
221,resnet50_l2_eps1,c10,0.09069463604084133,resnet50_l2_eps1,
222,resnet50_l2_eps3,c10,0.0533546180348506,resnet50_l2_eps3,
223,resnet50_l2_eps5,c10,0.04441141160511635,resnet50_l2_eps5,
224,wide_resnet50_2_l2_eps0,c10,0.2359201388409664,wide_resnet50_2_l2_eps0,
225,wide_resnet50_2_l2_eps0_01,c10,0.32027702737766817,wide_resnet50_2_l2_eps0_01,
226,wide_resnet50_2_l2_eps0_03,c10,0.25587604939868724,wide_resnet50_2_l2_eps0_03,
227,wide_resnet50_2_l2_eps0_05,c10,0.23691026835287948,wide_resnet50_2_l2_eps0_05,
228,wide_resnet50_2_l2_eps0_1,c10,0.24694429441565496,wide_resnet50_2_l2_eps0_1,
229,wide_resnet50_2_l2_eps0_25,c10,0.13968403610083985,wide_resnet50_2_l2_eps0_25,
230,wide_resnet50_2_l2_eps0_5,c10,0.05144879166963823,wide_resnet50_2_l2_eps0_5,
231,wide_resnet50_2_l2_eps1,c10,0.08540991006333834,wide_resnet50_2_l2_eps1,
232,wide_resnet50_2_l2_eps3,c10,0.07735088910971077,wide_resnet50_2_l2_eps3,
233,wide_resnet50_2_l2_eps5,c10,0.046466784917602096,wide_resnet50_2_l2_eps5,
234,resnet18_linf_eps0_5,c10,0.0422027511912577,resnet18_linf_eps0_5,
235,resnet18_linf_eps1,c10,0.055817443310391485,resnet18_linf_eps1,
236,resnet18_linf_eps2,c10,0.022356825000329265,resnet18_linf_eps2,
237,resnet18_linf_eps4,c10,0.03805908386942086,resnet18_linf_eps4,
238,resnet18_linf_eps8,c10,0.038218012562243504,resnet18_linf_eps8,
239,resnet50_linf_eps0_5,c10,0.046787444146047755,resnet50_linf_eps0_5,
240,resnet50_linf_eps1,c10,0.041278848512893006,resnet50_linf_eps1,
241,resnet50_linf_eps2,c10,0.031283042696619454,resnet50_linf_eps2,
242,resnet50_linf_eps4,c10,0.04023931022866568,resnet50_linf_eps4,
243,resnet50_linf_eps8,c10,0.05342122718600281,resnet50_linf_eps8,
244,wide_resnet50_2_linf_eps0_5,c10,0.13780716995591807,wide_resnet50_2_linf_eps0_5,
245,wide_resnet50_2_linf_eps1,c10,0.09112698550496648,wide_resnet50_2_linf_eps1,
246,wide_resnet50_2_linf_eps2,c10,0.06033222543909389,wide_resnet50_2_linf_eps2,
247,wide_resnet50_2_linf_eps4,c10,0.06216218794257172,wide_resnet50_2_linf_eps4,
248,wide_resnet50_2_linf_eps8,c10,0.04717738055094564,wide_resnet50_2_linf_eps8,
249,humans,c10,0.42194681575578935,subject-01_subject-02_subject-03_subject-04,
250,Debenedetti2022Light_XCiT_S12,c05,0.11978562941328959,Debenedetti2022Light_XCiT_S12,
251,Debenedetti2022Light_XCiT_M12,c05,0.12415089056120433,Debenedetti2022Light_XCiT_M12,
252,Debenedetti2022Light_XCiT_L12,c05,0.1289243768444237,Debenedetti2022Light_XCiT_L12,
253,xcit_small_12_p16_224,c05,0.014348779400140767,xcit_small_12_p16_224,
254,resnet18_l2_eps0,c05,0.1995079201437171,resnet18_l2_eps0,
255,resnet18_l2_eps0_01,c05,0.17248432530667876,resnet18_l2_eps0_01,
256,resnet18_l2_eps0_03,c05,0.137740034969066,resnet18_l2_eps0_03,
257,resnet18_l2_eps0_05,c05,0.12858576450811365,resnet18_l2_eps0_05,
258,resnet18_l2_eps0_1,c05,0.18012666229910518,resnet18_l2_eps0_1,
259,resnet18_l2_eps0_25,c05,0.09100235959972361,resnet18_l2_eps0_25,
260,resnet18_l2_eps0_5,c05,0.14024089043396035,resnet18_l2_eps0_5,
261,resnet18_l2_eps1,c05,0.1004875385005661,resnet18_l2_eps1,
262,resnet18_l2_eps3,c05,0.1289243768444237,resnet18_l2_eps3,
263,resnet18_l2_eps5,c05,0.1289243768444237,resnet18_l2_eps5,
264,resnet50_l2_eps0,c05,0.16073801712533253,resnet50_l2_eps0,
265,resnet50_l2_eps0_01,c05,0.27252991887005945,resnet50_l2_eps0_01,
266,resnet50_l2_eps0_03,c05,0.17786075712904983,resnet50_l2_eps0_03,
267,resnet50_l2_eps0_05,c05,0.05986202807329617,resnet50_l2_eps0_05,
268,resnet50_l2_eps0_1,c05,0.0844048465064062,resnet50_l2_eps0_1,
269,resnet50_l2_eps0_25,c05,0.15948129384830437,resnet50_l2_eps0_25,
270,resnet50_l2_eps0_5,c05,0.15109148873067096,resnet50_l2_eps0_5,
271,resnet50_l2_eps1,c05,0.15100914696441362,resnet50_l2_eps1,
272,resnet50_l2_eps3,c05,0.1289243768444237,resnet50_l2_eps3,
273,resnet50_l2_eps5,c05,0.1289243768444237,resnet50_l2_eps5,
274,wide_resnet50_2_l2_eps0,c05,0.23488182320059808,wide_resnet50_2_l2_eps0,
275,wide_resnet50_2_l2_eps0_01,c05,0.3064880163037262,wide_resnet50_2_l2_eps0_01,
276,wide_resnet50_2_l2_eps0_03,c05,0.192365288505225,wide_resnet50_2_l2_eps0_03,
277,wide_resnet50_2_l2_eps0_05,c05,0.19068807403194302,wide_resnet50_2_l2_eps0_05,
278,wide_resnet50_2_l2_eps0_1,c05,0.03854756811111483,wide_resnet50_2_l2_eps0_1,
279,wide_resnet50_2_l2_eps0_25,c05,0.11612057311419174,wide_resnet50_2_l2_eps0_25,
280,wide_resnet50_2_l2_eps0_5,c05,0.08191455076819217,wide_resnet50_2_l2_eps0_5,
281,wide_resnet50_2_l2_eps1,c05,0.13840710688860647,wide_resnet50_2_l2_eps1,
282,wide_resnet50_2_l2_eps3,c05,0.1289243768444237,wide_resnet50_2_l2_eps3,
283,wide_resnet50_2_l2_eps5,c05,0.1289243768444237,wide_resnet50_2_l2_eps5,
284,resnet18_linf_eps0_5,c05,0.12300205743690013,resnet18_linf_eps0_5,
285,resnet18_linf_eps1,c05,0.06072309013683909,resnet18_linf_eps1,
286,resnet18_linf_eps2,c05,0.1289243768444237,resnet18_linf_eps2,
287,resnet18_linf_eps4,c05,0.1289243768444237,resnet18_linf_eps4,
288,resnet18_linf_eps8,c05,0.1289243768444237,resnet18_linf_eps8,
289,resnet50_linf_eps0_5,c05,0.1110156933986276,resnet50_linf_eps0_5,
290,resnet50_linf_eps1,c05,0.1289243768444237,resnet50_linf_eps1,
291,resnet50_linf_eps2,c05,0.1289243768444237,resnet50_linf_eps2,
292,resnet50_linf_eps4,c05,0.1289243768444237,resnet50_linf_eps4,
293,resnet50_linf_eps8,c05,0.1289243768444237,resnet50_linf_eps8,
294,wide_resnet50_2_linf_eps0_5,c05,0.07059627232604682,wide_resnet50_2_linf_eps0_5,
295,wide_resnet50_2_linf_eps1,c05,0.1289243768444237,wide_resnet50_2_linf_eps1,
296,wide_resnet50_2_linf_eps2,c05,0.1289243768444237,wide_resnet50_2_linf_eps2,
297,wide_resnet50_2_linf_eps4,c05,0.1289243768444237,wide_resnet50_2_linf_eps4,
298,wide_resnet50_2_linf_eps8,c05,0.1289243768444237,wide_resnet50_2_linf_eps8,
299,humans,c05,0.44162136810962005,subject-01_subject-02_subject-03_subject-04,
300,Debenedetti2022Light_XCiT_S12,c03,-0.008267632682058223,Debenedetti2022Light_XCiT_S12,
301,Debenedetti2022Light_XCiT_M12,c03,-0.008267632682058223,Debenedetti2022Light_XCiT_M12,
302,Debenedetti2022Light_XCiT_L12,c03,-0.008267632682058223,Debenedetti2022Light_XCiT_L12,
303,xcit_small_12_p16_224,c03,-0.0009092921793915304,xcit_small_12_p16_224,
304,resnet18_l2_eps0,c03,0.05943447700922268,resnet18_l2_eps0,
305,resnet18_l2_eps0_01,c03,0.007314997804127862,resnet18_l2_eps0_01,
306,resnet18_l2_eps0_03,c03,-0.03068401805464196,resnet18_l2_eps0_03,
307,resnet18_l2_eps0_05,c03,-0.04424334008854022,resnet18_l2_eps0_05,
308,resnet18_l2_eps0_1,c03,-0.0389434556134826,resnet18_l2_eps0_1,
309,resnet18_l2_eps0_25,c03,-0.025610122280149313,resnet18_l2_eps0_25,
310,resnet18_l2_eps0_5,c03,-0.008267632682058223,resnet18_l2_eps0_5,
311,resnet18_l2_eps1,c03,-0.008267632682058223,resnet18_l2_eps1,
312,resnet18_l2_eps3,c03,-0.008267632682058223,resnet18_l2_eps3,
313,resnet18_l2_eps5,c03,-0.008267632682058223,resnet18_l2_eps5,
314,resnet50_l2_eps0,c03,0.05165084721376792,resnet50_l2_eps0,
315,resnet50_l2_eps0_01,c03,-0.04530786088101463,resnet50_l2_eps0_01,
316,resnet50_l2_eps0_03,c03,0.005834314190677252,resnet50_l2_eps0_03,
317,resnet50_l2_eps0_05,c03,-0.06770888771224819,resnet50_l2_eps0_05,
318,resnet50_l2_eps0_1,c03,-0.04156009568320812,resnet50_l2_eps0_1,
319,resnet50_l2_eps0_25,c03,-0.008267632682058223,resnet50_l2_eps0_25,
320,resnet50_l2_eps0_5,c03,-0.008267632682058223,resnet50_l2_eps0_5,
321,resnet50_l2_eps1,c03,-0.008267632682058223,resnet50_l2_eps1,
322,resnet50_l2_eps3,c03,-0.008267632682058223,resnet50_l2_eps3,
323,resnet50_l2_eps5,c03,-0.008267632682058223,resnet50_l2_eps5,
324,wide_resnet50_2_l2_eps0,c03,0.06720707813327073,wide_resnet50_2_l2_eps0,
325,wide_resnet50_2_l2_eps0_01,c03,0.043268958279426964,wide_resnet50_2_l2_eps0_01,
326,wide_resnet50_2_l2_eps0_03,c03,-0.04686270770752182,wide_resnet50_2_l2_eps0_03,
327,wide_resnet50_2_l2_eps0_05,c03,-0.05628568291611786,wide_resnet50_2_l2_eps0_05,
328,wide_resnet50_2_l2_eps0_1,c03,-0.0171246960207437,wide_resnet50_2_l2_eps0_1,
329,wide_resnet50_2_l2_eps0_25,c03,-0.022060736130334158,wide_resnet50_2_l2_eps0_25,
330,wide_resnet50_2_l2_eps0_5,c03,-0.008267632682058223,wide_resnet50_2_l2_eps0_5,
331,wide_resnet50_2_l2_eps1,c03,-0.008267632682058223,wide_resnet50_2_l2_eps1,
332,wide_resnet50_2_l2_eps3,c03,-0.008267632682058223,wide_resnet50_2_l2_eps3,
333,wide_resnet50_2_l2_eps5,c03,-0.008267632682058223,wide_resnet50_2_l2_eps5,
334,resnet18_linf_eps0_5,c03,-0.008267632682058223,resnet18_linf_eps0_5,
335,resnet18_linf_eps1,c03,-0.04156009568320812,resnet18_linf_eps1,
336,resnet18_linf_eps2,c03,-0.008267632682058223,resnet18_linf_eps2,
337,resnet18_linf_eps4,c03,-0.008267632682058223,resnet18_linf_eps4,
338,resnet18_linf_eps8,c03,-0.008267632682058223,resnet18_linf_eps8,
339,resnet50_linf_eps0_5,c03,-0.008267632682058223,resnet50_linf_eps0_5,
340,resnet50_linf_eps1,c03,-0.008267632682058223,resnet50_linf_eps1,
341,resnet50_linf_eps2,c03,-0.008267632682058223,resnet50_linf_eps2,
342,resnet50_linf_eps4,c03,-0.008267632682058223,resnet50_linf_eps4,
343,resnet50_linf_eps8,c03,-0.008267632682058223,resnet50_linf_eps8,
344,wide_resnet50_2_linf_eps0_5,c03,-0.008267632682058223,wide_resnet50_2_linf_eps0_5,
345,wide_resnet50_2_linf_eps1,c03,-0.008267632682058223,wide_resnet50_2_linf_eps1,
346,wide_resnet50_2_linf_eps2,c03,-0.008267632682058223,wide_resnet50_2_linf_eps2,
347,wide_resnet50_2_linf_eps4,c03,-0.008267632682058223,wide_resnet50_2_linf_eps4,
348,wide_resnet50_2_linf_eps8,c03,-0.008267632682058223,wide_resnet50_2_linf_eps8,
349,humans,c03,0.18487800362413984,subject-01_subject-02_subject-03_subject-04,
350,Debenedetti2022Light_XCiT_S12,c01,-0.016380803672106942,Debenedetti2022Light_XCiT_S12,
351,Debenedetti2022Light_XCiT_M12,c01,-0.016380803672106942,Debenedetti2022Light_XCiT_M12,
352,Debenedetti2022Light_XCiT_L12,c01,-0.016380803672106942,Debenedetti2022Light_XCiT_L12,
353,xcit_small_12_p16_224,c01,0.005075661257587998,xcit_small_12_p16_224,
354,resnet18_l2_eps0,c01,-0.0013371137987399635,resnet18_l2_eps0,
355,resnet18_l2_eps0_01,c01,-0.05020161016667776,resnet18_l2_eps0_01,
356,resnet18_l2_eps0_03,c01,-0.04185851067847627,resnet18_l2_eps0_03,
357,resnet18_l2_eps0_05,c01,-0.016380803672106942,resnet18_l2_eps0_05,
358,resnet18_l2_eps0_1,c01,-0.03136629098001707,resnet18_l2_eps0_1,
359,resnet18_l2_eps0_25,c01,-0.016380803672106942,resnet18_l2_eps0_25,
360,resnet18_l2_eps0_5,c01,-0.016380803672106942,resnet18_l2_eps0_5,
361,resnet18_l2_eps1,c01,-0.016380803672106942,resnet18_l2_eps1,
362,resnet18_l2_eps3,c01,-0.016380803672106942,resnet18_l2_eps3,
363,resnet18_l2_eps5,c01,-0.016380803672106942,resnet18_l2_eps5,
364,resnet50_l2_eps0,c01,-0.0696293547503292,resnet50_l2_eps0,
365,resnet50_l2_eps0_01,c01,-0.046210151003256476,resnet50_l2_eps0_01,
366,resnet50_l2_eps0_03,c01,-0.016380803672106942,resnet50_l2_eps0_03,
367,resnet50_l2_eps0_05,c01,-0.018575328941218563,resnet50_l2_eps0_05,
368,resnet50_l2_eps0_1,c01,-0.03709510475782544,resnet50_l2_eps0_1,
369,resnet50_l2_eps0_25,c01,-0.016380803672106942,resnet50_l2_eps0_25,
370,resnet50_l2_eps0_5,c01,-0.016380803672106942,resnet50_l2_eps0_5,
371,resnet50_l2_eps1,c01,-0.016380803672106942,resnet50_l2_eps1,
372,resnet50_l2_eps3,c01,-0.016380803672106942,resnet50_l2_eps3,
373,resnet50_l2_eps5,c01,-0.016380803672106942,resnet50_l2_eps5,
374,wide_resnet50_2_l2_eps0,c01,-0.06254039737869052,wide_resnet50_2_l2_eps0,
375,wide_resnet50_2_l2_eps0_01,c01,-0.06254039737869052,wide_resnet50_2_l2_eps0_01,
376,wide_resnet50_2_l2_eps0_03,c01,-0.016380803672106942,wide_resnet50_2_l2_eps0_03,
377,wide_resnet50_2_l2_eps0_05,c01,-0.016380803672106942,wide_resnet50_2_l2_eps0_05,
378,wide_resnet50_2_l2_eps0_1,c01,-0.016380803672106942,wide_resnet50_2_l2_eps0_1,
379,wide_resnet50_2_l2_eps0_25,c01,-0.016380803672106942,wide_resnet50_2_l2_eps0_25,
380,wide_resnet50_2_l2_eps0_5,c01,-0.016380803672106942,wide_resnet50_2_l2_eps0_5,
381,wide_resnet50_2_l2_eps1,c01,-0.016380803672106942,wide_resnet50_2_l2_eps1,
382,wide_resnet50_2_l2_eps3,c01,-0.016380803672106942,wide_resnet50_2_l2_eps3,
383,wide_resnet50_2_l2_eps5,c01,-0.016380803672106942,wide_resnet50_2_l2_eps5,
384,resnet18_linf_eps0_5,c01,-0.016380803672106942,resnet18_linf_eps0_5,
385,resnet18_linf_eps1,c01,-0.0013371137987399635,resnet18_linf_eps1,
386,resnet18_linf_eps2,c01,-0.016380803672106942,resnet18_linf_eps2,
387,resnet18_linf_eps4,c01,-0.016380803672106942,resnet18_linf_eps4,
388,resnet18_linf_eps8,c01,-0.016380803672106942,resnet18_linf_eps8,
389,resnet50_linf_eps0_5,c01,-0.016380803672106942,resnet50_linf_eps0_5,
390,resnet50_linf_eps1,c01,-0.016380803672106942,resnet50_linf_eps1,
391,resnet50_linf_eps2,c01,-0.016380803672106942,resnet50_linf_eps2,
392,resnet50_linf_eps4,c01,-0.016380803672106942,resnet50_linf_eps4,
393,resnet50_linf_eps8,c01,-0.016380803672106942,resnet50_linf_eps8,
394,wide_resnet50_2_linf_eps0_5,c01,-0.016380803672106942,wide_resnet50_2_linf_eps0_5,
395,wide_resnet50_2_linf_eps1,c01,-0.016380803672106942,wide_resnet50_2_linf_eps1,
396,wide_resnet50_2_linf_eps2,c01,-0.016380803672106942,wide_resnet50_2_linf_eps2,
397,wide_resnet50_2_linf_eps4,c01,-0.016380803672106942,wide_resnet50_2_linf_eps4,
398,wide_resnet50_2_linf_eps8,c01,-0.016380803672106942,wide_resnet50_2_linf_eps8,
399,humans,c01,-0.015178504278478774,subject-01_subject-02_subject-03_subject-04,
